{"cameraMode":{"drawMode":0,"name":"Shaded","section":"Shading Mode"},"sceneLighting":true,"audioPlay":false,"sceneViewState":{"m_AlwaysRefresh":false,"showFog":true,"showSkybox":false,"showFlares":true,"showImageEffects":true,"showParticleSystems":true,"showVisualEffectGraphs":true,"m_FxEnabled":true},"in2DMode":false,"pivot":{"x":0.4390050172805786,"y":0.11056842654943466,"z":0.02847987785935402},"rotation":{"x":-0.027417989447712899,"y":0.7160550355911255,"z":-0.028156695887446405,"w":-0.6969596743583679},"size":0.24494920670986176,"orthographic":false}