{"cameraMode":{"drawMode":0,"name":"Shaded","section":"Shading Mode"},"sceneLighting":false,"audioPlay":false,"sceneViewState":{"m_AlwaysRefresh":false,"showFog":true,"showSkybox":false,"showFlares":true,"showImageEffects":true,"showParticleSystems":true,"showVisualEffectGraphs":true,"m_FxEnabled":true},"in2DMode":false,"pivot":{"x":-0.23671317100524903,"y":-0.12182527780532837,"z":-0.6871317625045776},"rotation":{"x":-0.0336744599044323,"y":0.9491923451423645,"z":-0.10897687077522278,"w":-0.29330676794052126},"size":0.8660253882408142,"orthographic":false}