{"cameraMode":{"drawMode":0,"name":"Shaded","section":"Shading Mode"},"sceneLighting":true,"audioPlay":false,"sceneViewState":{"m_AlwaysRefresh":false,"showFog":true,"showSkybox":false,"showFlares":true,"showImageEffects":true,"showParticleSystems":true,"showVisualEffectGraphs":true,"m_FxEnabled":true},"in2DMode":false,"pivot":{"x":1.862645149230957e-9,"y":-0.05000000819563866,"z":3.725290298461914e-9},"rotation":{"x":0.07750479131937027,"y":0.8361991047859192,"z":0.1225336492061615,"w":-0.5289249420166016},"size":0.05431392788887024,"orthographic":false}