{"cameraMode":{"drawMode":0,"name":"Shaded","section":"Shading Mode"},"sceneLighting":false,"audioPlay":false,"sceneViewState":{"m_AlwaysRefresh":false,"showFog":true,"showSkybox":false,"showFlares":true,"showImageEffects":true,"showParticleSystems":true,"showVisualEffectGraphs":true,"m_FxEnabled":true},"in2DMode":false,"pivot":{"x":-0.05000000074505806,"y":0.004999999888241291,"z":0.0040000006556510929},"rotation":{"x":0.24874931573867799,"y":0.17890805006027223,"z":-0.04680810868740082,"w":0.9507516622543335},"size":0.05123477801680565,"orthographic":true}