{"cameraMode":{"drawMode":0,"name":"Shaded","section":"Shading Mode"},"sceneLighting":false,"audioPlay":false,"sceneViewState":{"m_AlwaysRefresh":false,"showFog":true,"showSkybox":false,"showFlares":true,"showImageEffects":true,"showParticleSystems":true,"showVisualEffectGraphs":true,"m_FxEnabled":true},"in2DMode":false,"pivot":{"x":-0.02182874083518982,"y":0.003783613443374634,"z":0.025704097002744676},"rotation":{"x":0.24492910504341126,"y":0.6265078783035278,"z":-0.21691541373729707,"w":0.7074272632598877},"size":0.0839337632060051,"orthographic":false}