{"cameraMode":{"drawMode":0,"name":"Shaded","section":"Shading Mode"},"sceneLighting":false,"audioPlay":false,"sceneViewState":{"m_AlwaysRefresh":false,"showFog":true,"showSkybox":false,"showFlares":true,"showImageEffects":true,"showParticleSystems":true,"showVisualEffectGraphs":true,"m_FxEnabled":true},"in2DMode":false,"pivot":{"x":-10.27753734588623,"y":0.49232620000839236,"z":-6.593298435211182},"rotation":{"x":0.00493907043710351,"y":-0.8895714282989502,"z":0.009615067392587662,"w":0.45668721199035647},"size":7.2999982833862309,"orthographic":false}